role,accuracy,precision,recall,f1,n
correct_1,0.9732620320855615,1.0,0.9732620320855615,0.986449864498645,187
correct_2,0.9679144385026738,1.0,0.9679144385026738,0.9836956521739131,187
subtle_wrong,0.9064327485380117,0.0,0.0,0.0,171
random_wrong,0.8034682080924855,0.0,0.0,0.0,173
